{"cameraMode":{"drawMode":0,"name":"Shaded","section":"Shading Mode"},"sceneLighting":true,"audioPlay":false,"sceneViewState":{"showFog":true,"showMaterialUpdate":false,"showSkybox":true,"showFlares":true,"showImageEffects":true,"showParticleSystems":true},"in2DMode":false,"pivot":{"x":354.64569091796877,"y":252.75180053710938,"z":354.4241027832031},"rotation":{"x":-0.1917351484298706,"y":0.4775066673755646,"z":0.10763870924711228,"w":0.8506837487220764},"size":116.43614959716797,"orthographic":false}