{"cameraMode":{"drawMode":0,"name":"Shaded","section":"Shading Mode"},"sceneLighting":true,"audioPlay":false,"sceneViewState":{"showFog":true,"showMaterialUpdate":false,"showSkybox":true,"showFlares":true,"showImageEffects":true,"showParticleSystems":true},"in2DMode":false,"pivot":{"x":448.19232177734377,"y":63.77813720703125,"z":477.69793701171877},"rotation":{"x":0.2997784912586212,"y":0.04547503963112831,"z":-0.014276859350502491,"w":0.9528453350067139},"size":142.11180114746095,"orthographic":false}