{"cameraMode":{"drawMode":0,"name":"Shaded","section":"Shading Mode"},"sceneLighting":true,"audioPlay":false,"sceneViewState":{"showFog":true,"showMaterialUpdate":false,"showSkybox":true,"showFlares":true,"showImageEffects":true,"showParticleSystems":true},"in2DMode":false,"pivot":{"x":98.34284973144531,"y":-154.23318481445313,"z":358.2342224121094},"rotation":{"x":0.2997784912586212,"y":0.04547503963112831,"z":-0.014276859350502491,"w":0.9528453350067139},"size":178.0037078857422,"orthographic":false}