{"cameraMode":{"drawMode":0,"name":"Shaded","section":"Shading Mode"},"sceneLighting":false,"audioPlay":false,"sceneViewState":{"showFog":true,"showMaterialUpdate":false,"showSkybox":false,"showFlares":true,"showImageEffects":true,"showParticleSystems":true},"in2DMode":false,"pivot":{"x":0.0002980232238769531,"y":0.000004194676876068115,"z":-0.008909046649932862},"rotation":{"x":-0.18484897911548615,"y":0.7862769365310669,"z":-0.2801801860332489,"w":-0.5187468528747559},"size":0.3607909381389618,"orthographic":false}