{"cameraMode":{"drawMode":0,"name":"Shaded","section":"Shading Mode"},"sceneLighting":true,"audioPlay":false,"sceneViewState":{"showFog":true,"showMaterialUpdate":false,"showSkybox":true,"showFlares":true,"showImageEffects":true,"showParticleSystems":true},"in2DMode":false,"pivot":{"x":-3.3830647468566896,"y":-3.606288433074951,"z":3.3501715660095217},"rotation":{"x":-0.10414527356624603,"y":-0.8887796401977539,"z":0.2505854070186615,"w":-0.3693879544734955},"size":12.45549488067627,"orthographic":false}