{"cameraMode":{"drawMode":0,"name":"Shaded","section":"Shading Mode"},"sceneLighting":true,"audioPlay":false,"sceneViewState":{"showFog":true,"showMaterialUpdate":false,"showSkybox":true,"showFlares":true,"showImageEffects":true,"showParticleSystems":true},"in2DMode":false,"pivot":{"x":-73.7192153930664,"y":9.606475830078125,"z":119.67425537109375},"rotation":{"x":-0.2587311565876007,"y":0.08736661821603775,"z":-0.02350323088467121,"w":-0.9617109894752502},"size":494.7962341308594,"orthographic":false}