{"cameraMode":{"drawMode":0,"name":"Shaded","section":"Shading Mode"},"sceneLighting":true,"audioPlay":false,"sceneViewState":{"showFog":true,"showMaterialUpdate":false,"showSkybox":true,"showFlares":true,"showImageEffects":true,"showParticleSystems":true},"in2DMode":false,"pivot":{"x":-0.9815139770507813,"y":-3.6005897521972658,"z":3.5092639923095705},"rotation":{"x":-0.18484897911548615,"y":0.7862769365310669,"z":-0.2801801860332489,"w":-0.5187468528747559},"size":13.76123046875,"orthographic":false}